,Language,Real_text_video,English_translated,Translate_video
0,en,"Lundi,
Mardi,
Mercredi,
Jeudi,
Vendredi,
Samdi,
Dimanche.","Lundi,
Mardi,
Mercredi,
Jeudi,
Vendredi,
Samdi,
Dimanche.","止
砖值执,
止
砖职执砖执,
止
专职执注执,
止
植执砖执,
止
砖执砖执,
砖址旨指转,
止
专执砖止."
1,en,"When you start treating yourself your
On the other side, it is
true you are left with your
failures What you have achieved today
isn't it about the power of
a friend not making you happy
it is terrible fear of the
sky or old-fashioned like you live
there This is the end of
the story. This is the end
of the story. Nothing. Nothing.","When you start treating yourself your
On the other side, it is
true you are left with your
failures What you have achieved today
isn't it about the power of
a friend not making you happy
it is terrible fear of the
sky or old-fashioned like you live
there This is the end of
the story. This is the end
of the story. Nothing. Nothing.","砖转 转 转住 注爪 砖 
爪 砖, 
 转 砖专 注 砖
砖转  砖转 
   拽砖专  砖
专 砖 砖 转
 驻 专 -
砖  砖  砖转 
砖  住祝 砖
住驻专. 住祝
砖 住驻专.砖旨 指指专.砖旨 指指专."
